plant	Date	season	sample	class	replicate	vol	count
Northfield WWTP	19.Oct.15	Fall	Prelim effluent	Fiber	R1	2	32
Northfield WWTP	19.Oct.15	Fall	Prelim effluent	Fragment	R1	2	16
Northfield WWTP	19.Oct.15	Fall	Prelim effluent	Filament	R1	2	3
Northfield WWTP	19.Oct.15	Fall	Prelim effluent	Nurdle	R1	2	0
Northfield WWTP	19.Oct.15	Fall	Prelim effluent	Paint chip	R1	2	1
Northfield WWTP	19.Oct.15	Fall	Prelim effluent	Microbead	R1	2	6
Northfield WWTP	19.Oct.15	Fall	Prelim effluent	Other	R1	2	5
Northfield WWTP	19.Oct.15	Fall	Primary effluent	Fiber	R1	10	90
Northfield WWTP	19.Oct.15	Fall	Primary effluent	Fragment	R1	10	29
Northfield WWTP	19.Oct.15	Fall	Primary effluent	Filament	R1	10	14
Northfield WWTP	19.Oct.15	Fall	Primary effluent	Nurdle	R1	10	0
Northfield WWTP	19.Oct.15	Fall	Primary effluent	Paint chip	R1	10	9
Northfield WWTP	19.Oct.15	Fall	Primary effluent	Microbead	R1	10	22
Northfield WWTP	19.Oct.15	Fall	Primary effluent	Other	R1	10	0
Northfield WWTP	19.Oct.15	Fall	Sec effluent trickling filter	Fiber	R1	10	52
Northfield WWTP	19.Oct.15	Fall	Sec effluent trickling filter	Fragment	R1	10	15
Northfield WWTP	19.Oct.15	Fall	Sec effluent trickling filter	Filament	R1	10	8
Northfield WWTP	19.Oct.15	Fall	Sec effluent trickling filter	Nurdle	R1	10	0
Northfield WWTP	19.Oct.15	Fall	Sec effluent trickling filter	Paint chip	R1	10	0
Northfield WWTP	19.Oct.15	Fall	Sec effluent trickling filter	Microbead	R1	10	0
Northfield WWTP	19.Oct.15	Fall	Sec effluent trickling filter	Other	R1	10	0
Northfield WWTP	19.Oct.15	Fall	Sec effluent activated sludge	Fiber	R1	10	66
Northfield WWTP	19.Oct.15	Fall	Sec effluent activated sludge	Fragment	R1	10	15
Northfield WWTP	19.Oct.15	Fall	Sec effluent activated sludge	Filament	R1	10	2
Northfield WWTP	19.Oct.15	Fall	Sec effluent activated sludge	Nurdle	R1	10	0
Northfield WWTP	19.Oct.15	Fall	Sec effluent activated sludge	Paint chip	R1	10	0
Northfield WWTP	19.Oct.15	Fall	Sec effluent activated sludge	Microbead	R1	10	0
Northfield WWTP	19.Oct.15	Fall	Sec effluent activated sludge	Other	R1	10	0
Northfield WWTP	19.Oct.15	Fall	Final effluent	Fiber	R1	34.1	72
Northfield WWTP	19.Oct.15	Fall	Final effluent	Fragment	R1	34.1	0
Northfield WWTP	19.Oct.15	Fall	Final effluent	Filament	R1	34.1	3
Northfield WWTP	19.Oct.15	Fall	Final effluent	Nurdle	R1	34.1	0
Northfield WWTP	19.Oct.15	Fall	Final effluent	Paint chip	R1	34.1	0
Northfield WWTP	19.Oct.15	Fall	Final effluent	Microbead	R1	34.1	0
Northfield WWTP	19.Oct.15	Fall	Final effluent	Other	R1	34.1	0
Northfield WWTP	15.Jan.16	Winter	Prelim effluent	Fiber	R1	6	109
Northfield WWTP	15.Jan.16	Winter	Prelim effluent	Fragment	R1	6	15
Northfield WWTP	15.Jan.16	Winter	Prelim effluent	Filament	R1	6	19
Northfield WWTP	15.Jan.16	Winter	Prelim effluent	Nurdle	R1	6	0
Northfield WWTP	15.Jan.16	Winter	Prelim effluent	Paint chip	R1	6	0
Northfield WWTP	15.Jan.16	Winter	Prelim effluent	Microbead	R1	6	4
Northfield WWTP	15.Jan.16	Winter	Prelim effluent	Other	R1	6	12
Northfield WWTP	15.Jan.16	Winter	Primary effluent	Fiber	R1	18	91
Northfield WWTP	15.Jan.16	Winter	Primary effluent	Fragment	R1	18	31
Northfield WWTP	15.Jan.16	Winter	Primary effluent	Filament	R1	18	8
Northfield WWTP	15.Jan.16	Winter	Primary effluent	Nurdle	R1	18	0
Northfield WWTP	15.Jan.16	Winter	Primary effluent	Paint chip	R1	18	5
Northfield WWTP	15.Jan.16	Winter	Primary effluent	Microbead	R1	18	9
Northfield WWTP	15.Jan.16	Winter	Primary effluent	Other	R1	18	0
Northfield WWTP	15.Jan.16	Winter	Sec effluent trickling filter	Fiber	R1	5	58
Northfield WWTP	15.Jan.16	Winter	Sec effluent trickling filter	Fragment	R1	5	6
Northfield WWTP	15.Jan.16	Winter	Sec effluent trickling filter	Filament	R1	5	0
Northfield WWTP	15.Jan.16	Winter	Sec effluent trickling filter	Nurdle	R1	5	0
Northfield WWTP	15.Jan.16	Winter	Sec effluent trickling filter	Paint chip	R1	5	19
Northfield WWTP	15.Jan.16	Winter	Sec effluent trickling filter	Microbead	R1	5	1
Northfield WWTP	15.Jan.16	Winter	Sec effluent trickling filter	Other	R1	5	0
Northfield WWTP	15.Jan.16	Winter	Sec effluent activated sludge	Fiber	R1	NA	NA
Northfield WWTP	15.Jan.16	Winter	Sec effluent activated sludge	Fragment	R1	NA	NA
Northfield WWTP	15.Jan.16	Winter	Sec effluent activated sludge	Filament	R1	NA	NA
Northfield WWTP	15.Jan.16	Winter	Sec effluent activated sludge	Nurdle	R1	NA	NA
Northfield WWTP	15.Jan.16	Winter	Sec effluent activated sludge	Paint chip	R1	NA	NA
Northfield WWTP	15.Jan.16	Winter	Sec effluent activated sludge	Microbead	R1	NA	NA
Northfield WWTP	15.Jan.16	Winter	Sec effluent activated sludge	Other	R1	NA	NA
Northfield WWTP	15.Jan.16	Winter	Final effluent	Fiber	R1	34.1	40
Northfield WWTP	15.Jan.16	Winter	Final effluent	Fragment	R1	34.1	4
Northfield WWTP	15.Jan.16	Winter	Final effluent	Filament	R1	34.1	0
Northfield WWTP	15.Jan.16	Winter	Final effluent	Nurdle	R1	34.1	0
Northfield WWTP	15.Jan.16	Winter	Final effluent	Paint chip	R1	34.1	4
Northfield WWTP	15.Jan.16	Winter	Final effluent	Microbead	R1	34.1	0
Northfield WWTP	15.Jan.16	Winter	Final effluent	Other	R1	34.1	1
Northfield WWTP	21.Mar.16	Spring	Raw Wastewater	Fiber	R1	1	39
Northfield WWTP	21.Mar.16	Spring	Raw Wastewater	Fragment	R1	1	21
Northfield WWTP	21.Mar.16	Spring	Raw Wastewater	Filament	R1	1	3
Northfield WWTP	21.Mar.16	Spring	Raw Wastewater	Nurdle	R1	1	0
Northfield WWTP	21.Mar.16	Spring	Raw Wastewater	Paint chip	R1	1	0
Northfield WWTP	21.Mar.16	Spring	Raw Wastewater	Microbead	R1	1	10
Northfield WWTP	21.Mar.16	Spring	Raw Wastewater	Other	R1	1	3
Northfield WWTP	21.Mar.16	Spring	Prelim effluent	Fiber	R1	1	26
Northfield WWTP	21.Mar.16	Spring	Prelim effluent	Fragment	R1	1	16
Northfield WWTP	21.Mar.16	Spring	Prelim effluent	Filament	R1	1	1
Northfield WWTP	21.Mar.16	Spring	Prelim effluent	Nurdle	R1	1	0
Northfield WWTP	21.Mar.16	Spring	Prelim effluent	Paint chip	R1	1	0
Northfield WWTP	21.Mar.16	Spring	Prelim effluent	Microbead	R1	1	16
Northfield WWTP	21.Mar.16	Spring	Prelim effluent	Other	R1	1	0
Northfield WWTP	21.Mar.16	Spring	Primary effluent	Fiber	R1	9	50
Northfield WWTP	21.Mar.16	Spring	Primary effluent	Fragment	R1	9	26
Northfield WWTP	21.Mar.16	Spring	Primary effluent	Filament	R1	9	8
Northfield WWTP	21.Mar.16	Spring	Primary effluent	Nurdle	R1	9	0
Northfield WWTP	21.Mar.16	Spring	Primary effluent	Paint chip	R1	9	6
Northfield WWTP	21.Mar.16	Spring	Primary effluent	Microbead	R1	9	4
Northfield WWTP	21.Mar.16	Spring	Primary effluent	Other	R1	9	2
Northfield WWTP	21.Mar.16	Spring	Sec effluent trickling filter	Fiber	R1	NA	NA
Northfield WWTP	21.Mar.16	Spring	Sec effluent trickling filter	Fragment	R1	NA	NA
Northfield WWTP	21.Mar.16	Spring	Sec effluent trickling filter	Filament	R1	NA	NA
Northfield WWTP	21.Mar.16	Spring	Sec effluent trickling filter	Nurdle	R1	NA	NA
Northfield WWTP	21.Mar.16	Spring	Sec effluent trickling filter	Paint chip	R1	NA	NA
Northfield WWTP	21.Mar.16	Spring	Sec effluent trickling filter	Microbead	R1	NA	NA
Northfield WWTP	21.Mar.16	Spring	Sec effluent trickling filter	Other	R1	NA	NA
Northfield WWTP	21.Mar.16	Spring	Sec effluent activated sludge	Fiber	R1	20	82
Northfield WWTP	21.Mar.16	Spring	Sec effluent activated sludge	Fragment	R1	20	80
Northfield WWTP	21.Mar.16	Spring	Sec effluent activated sludge	Filament	R1	20	19
Northfield WWTP	21.Mar.16	Spring	Sec effluent activated sludge	Nurdle	R1	20	0
Northfield WWTP	21.Mar.16	Spring	Sec effluent activated sludge	Paint chip	R1	20	2
Northfield WWTP	21.Mar.16	Spring	Sec effluent activated sludge	Microbead	R1	20	5
Northfield WWTP	21.Mar.16	Spring	Sec effluent activated sludge	Other	R1	20	0
Northfield WWTP	21.Mar.16	Spring	Final effluent	Fiber	R1	37.854	62
Northfield WWTP	21.Mar.16	Spring	Final effluent	Fragment	R1	37.854	26
Northfield WWTP	21.Mar.16	Spring	Final effluent	Filament	R1	37.854	9
Northfield WWTP	21.Mar.16	Spring	Final effluent	Nurdle	R1	37.854	0
Northfield WWTP	21.Mar.16	Spring	Final effluent	Paint chip	R1	37.854	0
Northfield WWTP	21.Mar.16	Spring	Final effluent	Microbead	R1	37.854	0
Northfield WWTP	21.Mar.16	Spring	Final effluent	Other	R1	37.854	0
Northfield WWTP	21.Mar.16	Spring	Raw Wastewater	Fiber	R2	1	47
Northfield WWTP	21.Mar.16	Spring	Raw Wastewater	Fragment	R2	1	26
Northfield WWTP	21.Mar.16	Spring	Raw Wastewater	Filament	R2	1	8
Northfield WWTP	21.Mar.16	Spring	Raw Wastewater	Nurdle	R2	1	0
Northfield WWTP	21.Mar.16	Spring	Raw Wastewater	Paint chip	R2	1	0
Northfield WWTP	21.Mar.16	Spring	Raw Wastewater	Microbead	R2	1	15
Northfield WWTP	21.Mar.16	Spring	Raw Wastewater	Other	R2	1	6
Northfield WWTP	21.Mar.16	Spring	Prelim effluent	Fiber	R2	1	32
Northfield WWTP	21.Mar.16	Spring	Prelim effluent	Fragment	R2	1	17
Northfield WWTP	21.Mar.16	Spring	Prelim effluent	Filament	R2	1	3
Northfield WWTP	21.Mar.16	Spring	Prelim effluent	Nurdle	R2	1	0
Northfield WWTP	21.Mar.16	Spring	Prelim effluent	Paint chip	R2	1	2
Northfield WWTP	21.Mar.16	Spring	Prelim effluent	Microbead	R2	1	17
Northfield WWTP	21.Mar.16	Spring	Prelim effluent	Other	R2	1	3
Northfield WWTP	21.Mar.16	Spring	Primary effluent	Fiber	R2	NA	NA
Northfield WWTP	21.Mar.16	Spring	Primary effluent	Fragment	R2	NA	NA
Northfield WWTP	21.Mar.16	Spring	Primary effluent	Filament	R2	NA	NA
Northfield WWTP	21.Mar.16	Spring	Primary effluent	Nurdle	R2	NA	NA
Northfield WWTP	21.Mar.16	Spring	Primary effluent	Paint chip	R2	NA	NA
Northfield WWTP	21.Mar.16	Spring	Primary effluent	Microbead	R2	NA	NA
Northfield WWTP	21.Mar.16	Spring	Primary effluent	Other	R2	NA	NA
Northfield WWTP	21.Mar.16	Spring	Sec effluent trickling filter	Fiber	R2	NA	NA
Northfield WWTP	21.Mar.16	Spring	Sec effluent trickling filter	Fragment	R2	NA	NA
Northfield WWTP	21.Mar.16	Spring	Sec effluent trickling filter	Filament	R2	NA	NA
Northfield WWTP	21.Mar.16	Spring	Sec effluent trickling filter	Nurdle	R2	NA	NA
Northfield WWTP	21.Mar.16	Spring	Sec effluent trickling filter	Paint chip	R2	NA	NA
Northfield WWTP	21.Mar.16	Spring	Sec effluent trickling filter	Microbead	R2	NA	NA
Northfield WWTP	21.Mar.16	Spring	Sec effluent trickling filter	Other	R2	NA	NA
Northfield WWTP	21.Mar.16	Spring	Sec effluent activated sludge	Fiber	R2	NA	NA
Northfield WWTP	21.Mar.16	Spring	Sec effluent activated sludge	Fragment	R2	NA	NA
Northfield WWTP	21.Mar.16	Spring	Sec effluent activated sludge	Filament	R2	NA	NA
Northfield WWTP	21.Mar.16	Spring	Sec effluent activated sludge	Nurdle	R2	NA	NA
Northfield WWTP	21.Mar.16	Spring	Sec effluent activated sludge	Paint chip	R2	NA	NA
Northfield WWTP	21.Mar.16	Spring	Sec effluent activated sludge	Microbead	R2	NA	NA
Northfield WWTP	21.Mar.16	Spring	Sec effluent activated sludge	Other	R2	NA	NA
Northfield WWTP	21.Mar.16	Spring	Final effluent	Fiber	R2	NA	NA
Northfield WWTP	21.Mar.16	Spring	Final effluent	Fragment	R2	NA	NA
Northfield WWTP	21.Mar.16	Spring	Final effluent	Filament	R2	NA	NA
Northfield WWTP	21.Mar.16	Spring	Final effluent	Nurdle	R2	NA	NA
Northfield WWTP	21.Mar.16	Spring	Final effluent	Paint chip	R2	NA	NA
Northfield WWTP	21.Mar.16	Spring	Final effluent	Microbead	R2	NA	NA
Northfield WWTP	21.Mar.16	Spring	Final effluent	Other	R2	NA	NA
Northfield WWTP	21.Mar.16	Spring	Raw Wastewater	Fiber	R3	1	45
Northfield WWTP	21.Mar.16	Spring	Raw Wastewater	Fragment	R3	1	26
Northfield WWTP	21.Mar.16	Spring	Raw Wastewater	Filament	R3	1	7
Northfield WWTP	21.Mar.16	Spring	Raw Wastewater	Nurdle	R3	1	0
Northfield WWTP	21.Mar.16	Spring	Raw Wastewater	Paint chip	R3	1	1
Northfield WWTP	21.Mar.16	Spring	Raw Wastewater	Microbead	R3	1	18
Northfield WWTP	21.Mar.16	Spring	Raw Wastewater	Other	R3	1	2
Northfield WWTP	21.Mar.16	Spring	Prelim effluent	Fiber	R3	1	25
Northfield WWTP	21.Mar.16	Spring	Prelim effluent	Fragment	R3	1	8
Northfield WWTP	21.Mar.16	Spring	Prelim effluent	Filament	R3	1	1
Northfield WWTP	21.Mar.16	Spring	Prelim effluent	Nurdle	R3	1	0
Northfield WWTP	21.Mar.16	Spring	Prelim effluent	Paint chip	R3	1	1
Northfield WWTP	21.Mar.16	Spring	Prelim effluent	Microbead	R3	1	5
Northfield WWTP	21.Mar.16	Spring	Prelim effluent	Other	R3	1	1
Northfield WWTP	21.Mar.16	Spring	Primary effluent	Fiber	R3	NA	NA
Northfield WWTP	21.Mar.16	Spring	Primary effluent	Fragment	R3	NA	NA
Northfield WWTP	21.Mar.16	Spring	Primary effluent	Filament	R3	NA	NA
Northfield WWTP	21.Mar.16	Spring	Primary effluent	Nurdle	R3	NA	NA
Northfield WWTP	21.Mar.16	Spring	Primary effluent	Paint chip	R3	NA	NA
Northfield WWTP	21.Mar.16	Spring	Primary effluent	Microbead	R3	NA	NA
Northfield WWTP	21.Mar.16	Spring	Primary effluent	Other	R3	NA	NA
Northfield WWTP	21.Mar.16	Spring	Sec effluent trickling filter	Fiber	R3	NA	NA
Northfield WWTP	21.Mar.16	Spring	Sec effluent trickling filter	Fragment	R3	NA	NA
Northfield WWTP	21.Mar.16	Spring	Sec effluent trickling filter	Filament	R3	NA	NA
Northfield WWTP	21.Mar.16	Spring	Sec effluent trickling filter	Nurdle	R3	NA	NA
Northfield WWTP	21.Mar.16	Spring	Sec effluent trickling filter	Paint chip	R3	NA	NA
Northfield WWTP	21.Mar.16	Spring	Sec effluent trickling filter	Microbead	R3	NA	NA
Northfield WWTP	21.Mar.16	Spring	Sec effluent trickling filter	Other	R3	NA	NA
Northfield WWTP	21.Mar.16	Spring	Sec effluent activated sludge	Fiber	R3	NA	NA
Northfield WWTP	21.Mar.16	Spring	Sec effluent activated sludge	Fragment	R3	NA	NA
Northfield WWTP	21.Mar.16	Spring	Sec effluent activated sludge	Filament	R3	NA	NA
Northfield WWTP	21.Mar.16	Spring	Sec effluent activated sludge	Nurdle	R3	NA	NA
Northfield WWTP	21.Mar.16	Spring	Sec effluent activated sludge	Paint chip	R3	NA	NA
Northfield WWTP	21.Mar.16	Spring	Sec effluent activated sludge	Microbead	R3	NA	NA
Northfield WWTP	21.Mar.16	Spring	Sec effluent activated sludge	Other	R3	NA	NA
Northfield WWTP	21.Mar.16	Spring	Final effluent	Fiber	R3	NA	NA
Northfield WWTP	21.Mar.16	Spring	Final effluent	Fragment	R3	NA	NA
Northfield WWTP	21.Mar.16	Spring	Final effluent	Filament	R3	NA	NA
Northfield WWTP	21.Mar.16	Spring	Final effluent	Nurdle	R3	NA	NA
Northfield WWTP	21.Mar.16	Spring	Final effluent	Paint chip	R3	NA	NA
Northfield WWTP	21.Mar.16	Spring	Final effluent	Microbead	R3	NA	NA
Northfield WWTP	21.Mar.16	Spring	Final effluent	Other	R3	NA	NA
Northfield WWTP	21.Mar.16	Spring	Raw Wastewater	Fiber	R4	1	47
Northfield WWTP	21.Mar.16	Spring	Raw Wastewater	Fragment	R4	1	22
Northfield WWTP	21.Mar.16	Spring	Raw Wastewater	Filament	R4	1	4
Northfield WWTP	21.Mar.16	Spring	Raw Wastewater	Nurdle	R4	1	0
Northfield WWTP	21.Mar.16	Spring	Raw Wastewater	Paint chip	R4	1	0
Northfield WWTP	21.Mar.16	Spring	Raw Wastewater	Microbead	R4	1	15
Northfield WWTP	21.Mar.16	Spring	Raw Wastewater	Other	R4	1	2
Northfield WWTP	21.Mar.16	Spring	Prelim effluent	Fiber	R4	1	25
Northfield WWTP	21.Mar.16	Spring	Prelim effluent	Fragment	R4	1	18
Northfield WWTP	21.Mar.16	Spring	Prelim effluent	Filament	R4	1	1
Northfield WWTP	21.Mar.16	Spring	Prelim effluent	Nurdle	R4	1	0
Northfield WWTP	21.Mar.16	Spring	Prelim effluent	Paint chip	R4	1	0
Northfield WWTP	21.Mar.16	Spring	Prelim effluent	Microbead	R4	1	19
Northfield WWTP	21.Mar.16	Spring	Prelim effluent	Other	R4	1	1
Northfield WWTP	21.Mar.16	Spring	Primary effluent	Fiber	R3	NA	NA
Northfield WWTP	21.Mar.16	Spring	Primary effluent	Fragment	R3	NA	NA
Northfield WWTP	21.Mar.16	Spring	Primary effluent	Filament	R3	NA	NA
Northfield WWTP	21.Mar.16	Spring	Primary effluent	Nurdle	R3	NA	NA
Northfield WWTP	21.Mar.16	Spring	Primary effluent	Paint chip	R3	NA	NA
Northfield WWTP	21.Mar.16	Spring	Primary effluent	Microbead	R3	NA	NA
Northfield WWTP	21.Mar.16	Spring	Primary effluent	Other	R3	NA	NA
Northfield WWTP	21.Mar.16	Spring	Sec effluent trickling filter	Fiber	R4	NA	NA
Northfield WWTP	21.Mar.16	Spring	Sec effluent trickling filter	Fragment	R4	NA	NA
Northfield WWTP	21.Mar.16	Spring	Sec effluent trickling filter	Filament	R4	NA	NA
Northfield WWTP	21.Mar.16	Spring	Sec effluent trickling filter	Nurdle	R4	NA	NA
Northfield WWTP	21.Mar.16	Spring	Sec effluent trickling filter	Paint chip	R4	NA	NA
Northfield WWTP	21.Mar.16	Spring	Sec effluent trickling filter	Microbead	R4	NA	NA
Northfield WWTP	21.Mar.16	Spring	Sec effluent trickling filter	Other	R4	NA	NA
Northfield WWTP	21.Mar.16	Spring	Sec effluent activated sludge	Fiber	R4	NA	NA
Northfield WWTP	21.Mar.16	Spring	Sec effluent activated sludge	Fragment	R4	NA	NA
Northfield WWTP	21.Mar.16	Spring	Sec effluent activated sludge	Filament	R4	NA	NA
Northfield WWTP	21.Mar.16	Spring	Sec effluent activated sludge	Nurdle	R4	NA	NA
Northfield WWTP	21.Mar.16	Spring	Sec effluent activated sludge	Paint chip	R4	NA	NA
Northfield WWTP	21.Mar.16	Spring	Sec effluent activated sludge	Microbead	R4	NA	NA
Northfield WWTP	21.Mar.16	Spring	Sec effluent activated sludge	Other	R4	NA	NA
Northfield WWTP	21.Mar.16	Spring	Final effluent	Fiber	R4	NA	NA
Northfield WWTP	21.Mar.16	Spring	Final effluent	Fragment	R4	NA	NA
Northfield WWTP	21.Mar.16	Spring	Final effluent	Filament	R4	NA	NA
Northfield WWTP	21.Mar.16	Spring	Final effluent	Nurdle	R4	NA	NA
Northfield WWTP	21.Mar.16	Spring	Final effluent	Paint chip	R4	NA	NA
Northfield WWTP	21.Mar.16	Spring	Final effluent	Microbead	R4	NA	NA
Northfield WWTP	21.Mar.16	Spring	Final effluent	Other	R4	NA	NA
Detroit WWTP	25.Mar.16	Spring	Raw Wastewater	Fiber	R1	1	65
Detroit WWTP	25.Mar.16	Spring	Raw Wastewater	Fragment	R1	1	21
Detroit WWTP	25.Mar.16	Spring	Raw Wastewater	Filament	R1	1	2
Detroit WWTP	25.Mar.16	Spring	Raw Wastewater	Nurdle	R1	1	0
Detroit WWTP	25.Mar.16	Spring	Raw Wastewater	Paint chip	R1	1	0
Detroit WWTP	25.Mar.16	Spring	Raw Wastewater	Microbead	R1	1	10
Detroit WWTP	25.Mar.16	Spring	Raw Wastewater	Other	R1	1	1
Detroit WWTP	25.Mar.16	Spring	Prelim effluent	Fiber	R1	10	276
Detroit WWTP	25.Mar.16	Spring	Prelim effluent	Fragment	R1	10	127
Detroit WWTP	25.Mar.16	Spring	Prelim effluent	Filament	R1	10	50
Detroit WWTP	25.Mar.16	Spring	Prelim effluent	Nurdle	R1	10	0
Detroit WWTP	25.Mar.16	Spring	Prelim effluent	Paint chip	R1	10	17
Detroit WWTP	25.Mar.16	Spring	Prelim effluent	Microbead	R1	10	58
Detroit WWTP	25.Mar.16	Spring	Prelim effluent	Other	R1	10	22
Detroit WWTP	25.Mar.16	Spring	Primary effluent	Fiber	R1	20	148
Detroit WWTP	25.Mar.16	Spring	Primary effluent	Fragment	R1	20	155
Detroit WWTP	25.Mar.16	Spring	Primary effluent	Filament	R1	20	56
Detroit WWTP	25.Mar.16	Spring	Primary effluent	Nurdle	R1	20	0
Detroit WWTP	25.Mar.16	Spring	Primary effluent	Paint chip	R1	20	26
Detroit WWTP	25.Mar.16	Spring	Primary effluent	Microbead	R1	20	20
Detroit WWTP	25.Mar.16	Spring	Primary effluent	Other	R1	20	17
Detroit WWTP	25.Mar.16	Spring	Sec effluent activated sludge	Fiber	R1	20	85
Detroit WWTP	25.Mar.16	Spring	Sec effluent activated sludge	Fragment	R1	20	62
Detroit WWTP	25.Mar.16	Spring	Sec effluent activated sludge	Filament	R1	20	10
Detroit WWTP	25.Mar.16	Spring	Sec effluent activated sludge	Nurdle	R1	20	0
Detroit WWTP	25.Mar.16	Spring	Sec effluent activated sludge	Paint chip	R1	20	5
Detroit WWTP	25.Mar.16	Spring	Sec effluent activated sludge	Microbead	R1	20	2
Detroit WWTP	25.Mar.16	Spring	Sec effluent activated sludge	Other	R1	20	1
Detroit WWTP	25.Mar.16	Spring	Final effluent	Fiber	R1	34.07	88
Detroit WWTP	25.Mar.16	Spring	Final effluent	Fragment	R1	34.07	66
Detroit WWTP	25.Mar.16	Spring	Final effluent	Filament	R1	34.07	34
Detroit WWTP	25.Mar.16	Spring	Final effluent	Nurdle	R1	34.07	0
Detroit WWTP	25.Mar.16	Spring	Final effluent	Paint chip	R1	34.07	7
Detroit WWTP	25.Mar.16	Spring	Final effluent	Microbead	R1	34.07	0
Detroit WWTP	25.Mar.16	Spring	Final effluent	Other	R1	34.07	5
Detroit WWTP	25.Mar.16	Spring	Raw Wastewater	Fiber	R2	1	76
Detroit WWTP	25.Mar.16	Spring	Raw Wastewater	Fragment	R2	1	36
Detroit WWTP	25.Mar.16	Spring	Raw Wastewater	Filament	R2	1	7
Detroit WWTP	25.Mar.16	Spring	Raw Wastewater	Nurdle	R2	1	0
Detroit WWTP	25.Mar.16	Spring	Raw Wastewater	Paint chip	R2	1	2
Detroit WWTP	25.Mar.16	Spring	Raw Wastewater	Microbead	R2	1	13
Detroit WWTP	25.Mar.16	Spring	Raw Wastewater	Other	R2	1	3
Detroit WWTP	25.Mar.16	Spring	Prelim effluent	Fiber	R2	NA	NA
Detroit WWTP	25.Mar.16	Spring	Prelim effluent	Fragment	R2	NA	NA
Detroit WWTP	25.Mar.16	Spring	Prelim effluent	Filament	R2	NA	NA
Detroit WWTP	25.Mar.16	Spring	Prelim effluent	Nurdle	R2	NA	NA
Detroit WWTP	25.Mar.16	Spring	Prelim effluent	Paint chip	R2	NA	NA
Detroit WWTP	25.Mar.16	Spring	Prelim effluent	Microbead	R2	NA	NA
Detroit WWTP	25.Mar.16	Spring	Prelim effluent	Other	R2	NA	NA
Detroit WWTP	25.Mar.16	Spring	Primary effluent	Fiber	R2	NA	NA
Detroit WWTP	25.Mar.16	Spring	Primary effluent	Fragment	R2	NA	NA
Detroit WWTP	25.Mar.16	Spring	Primary effluent	Filament	R2	NA	NA
Detroit WWTP	25.Mar.16	Spring	Primary effluent	Nurdle	R2	NA	NA
Detroit WWTP	25.Mar.16	Spring	Primary effluent	Paint chip	R2	NA	NA
Detroit WWTP	25.Mar.16	Spring	Primary effluent	Microbead	R2	NA	NA
Detroit WWTP	25.Mar.16	Spring	Primary effluent	Other	R2	NA	NA
Detroit WWTP	25.Mar.16	Spring	Sec effluent activated sludge	Fiber	R2	NA	NA
Detroit WWTP	25.Mar.16	Spring	Sec effluent activated sludge	Fragment	R2	NA	NA
Detroit WWTP	25.Mar.16	Spring	Sec effluent activated sludge	Filament	R2	NA	NA
Detroit WWTP	25.Mar.16	Spring	Sec effluent activated sludge	Nurdle	R2	NA	NA
Detroit WWTP	25.Mar.16	Spring	Sec effluent activated sludge	Paint chip	R2	NA	NA
Detroit WWTP	25.Mar.16	Spring	Sec effluent activated sludge	Microbead	R2	NA	NA
Detroit WWTP	25.Mar.16	Spring	Sec effluent activated sludge	Other	R2	NA	NA
Detroit WWTP	25.Mar.16	Spring	Final effluent	Fiber	R2	NA	NA
Detroit WWTP	25.Mar.16	Spring	Final effluent	Fragment	R2	NA	NA
Detroit WWTP	25.Mar.16	Spring	Final effluent	Filament	R2	NA	NA
Detroit WWTP	25.Mar.16	Spring	Final effluent	Nurdle	R2	NA	NA
Detroit WWTP	25.Mar.16	Spring	Final effluent	Paint chip	R2	NA	NA
Detroit WWTP	25.Mar.16	Spring	Final effluent	Microbead	R2	NA	NA
Detroit WWTP	25.Mar.16	Spring	Final effluent	Other	R2	NA	NA
Detroit WWTP	25.Mar.16	Spring	Raw Wastewater	Fiber	R3	1	108
Detroit WWTP	25.Mar.16	Spring	Raw Wastewater	Fragment	R3	1	46
Detroit WWTP	25.Mar.16	Spring	Raw Wastewater	Filament	R3	1	7
Detroit WWTP	25.Mar.16	Spring	Raw Wastewater	Nurdle	R3	1	0
Detroit WWTP	25.Mar.16	Spring	Raw Wastewater	Paint chip	R3	1	3
Detroit WWTP	25.Mar.16	Spring	Raw Wastewater	Microbead	R3	1	21
Detroit WWTP	25.Mar.16	Spring	Raw Wastewater	Other	R3	1	7
Detroit WWTP	25.Mar.16	Spring	Prelim effluent	Fiber	R3	NA	NA
Detroit WWTP	25.Mar.16	Spring	Prelim effluent	Fragment	R3	NA	NA
Detroit WWTP	25.Mar.16	Spring	Prelim effluent	Filament	R3	NA	NA
Detroit WWTP	25.Mar.16	Spring	Prelim effluent	Nurdle	R3	NA	NA
Detroit WWTP	25.Mar.16	Spring	Prelim effluent	Paint chip	R3	NA	NA
Detroit WWTP	25.Mar.16	Spring	Prelim effluent	Microbead	R3	NA	NA
Detroit WWTP	25.Mar.16	Spring	Prelim effluent	Other	R3	NA	NA
Detroit WWTP	25.Mar.16	Spring	Primary effluent	Fiber	R3	NA	NA
Detroit WWTP	25.Mar.16	Spring	Primary effluent	Fragment	R3	NA	NA
Detroit WWTP	25.Mar.16	Spring	Primary effluent	Filament	R3	NA	NA
Detroit WWTP	25.Mar.16	Spring	Primary effluent	Nurdle	R3	NA	NA
Detroit WWTP	25.Mar.16	Spring	Primary effluent	Paint chip	R3	NA	NA
Detroit WWTP	25.Mar.16	Spring	Primary effluent	Microbead	R3	NA	NA
Detroit WWTP	25.Mar.16	Spring	Primary effluent	Other	R3	NA	NA
Detroit WWTP	25.Mar.16	Spring	Sec effluent activated sludge	Fiber	R3	NA	NA
Detroit WWTP	25.Mar.16	Spring	Sec effluent activated sludge	Fragment	R3	NA	NA
Detroit WWTP	25.Mar.16	Spring	Sec effluent activated sludge	Filament	R3	NA	NA
Detroit WWTP	25.Mar.16	Spring	Sec effluent activated sludge	Nurdle	R3	NA	NA
Detroit WWTP	25.Mar.16	Spring	Sec effluent activated sludge	Paint chip	R3	NA	NA
Detroit WWTP	25.Mar.16	Spring	Sec effluent activated sludge	Microbead	R3	NA	NA
Detroit WWTP	25.Mar.16	Spring	Sec effluent activated sludge	Other	R3	NA	NA
Detroit WWTP	25.Mar.16	Spring	Final effluent	Fiber	R3	NA	NA
Detroit WWTP	25.Mar.16	Spring	Final effluent	Fragment	R3	NA	NA
Detroit WWTP	25.Mar.16	Spring	Final effluent	Filament	R3	NA	NA
Detroit WWTP	25.Mar.16	Spring	Final effluent	Nurdle	R3	NA	NA
Detroit WWTP	25.Mar.16	Spring	Final effluent	Paint chip	R3	NA	NA
Detroit WWTP	25.Mar.16	Spring	Final effluent	Microbead	R3	NA	NA
Detroit WWTP	25.Mar.16	Spring	Final effluent	Other	R3	NA	NA
Detroit WWTP	25.Mar.16	Spring	Raw Wastewater	Fiber	R4	1	81
Detroit WWTP	25.Mar.16	Spring	Raw Wastewater	Fragment	R4	1	37
Detroit WWTP	25.Mar.16	Spring	Raw Wastewater	Filament	R4	1	6
Detroit WWTP	25.Mar.16	Spring	Raw Wastewater	Nurdle	R4	1	0
Detroit WWTP	25.Mar.16	Spring	Raw Wastewater	Paint chip	R4	1	2
Detroit WWTP	25.Mar.16	Spring	Raw Wastewater	Microbead	R4	1	21
Detroit WWTP	25.Mar.16	Spring	Raw Wastewater	Other	R4	1	5
Detroit WWTP	25.Mar.16	Spring	Prelim effluent	Fiber	R4	NA	NA
Detroit WWTP	25.Mar.16	Spring	Prelim effluent	Fragment	R4	NA	NA
Detroit WWTP	25.Mar.16	Spring	Prelim effluent	Filament	R4	NA	NA
Detroit WWTP	25.Mar.16	Spring	Prelim effluent	Nurdle	R4	NA	NA
Detroit WWTP	25.Mar.16	Spring	Prelim effluent	Paint chip	R4	NA	NA
Detroit WWTP	25.Mar.16	Spring	Prelim effluent	Microbead	R4	NA	NA
Detroit WWTP	25.Mar.16	Spring	Prelim effluent	Other	R4	NA	NA
Detroit WWTP	25.Mar.16	Spring	Primary effluent	Fiber	R4	NA	NA
Detroit WWTP	25.Mar.16	Spring	Primary effluent	Fragment	R4	NA	NA
Detroit WWTP	25.Mar.16	Spring	Primary effluent	Filament	R4	NA	NA
Detroit WWTP	25.Mar.16	Spring	Primary effluent	Nurdle	R4	NA	NA
Detroit WWTP	25.Mar.16	Spring	Primary effluent	Paint chip	R4	NA	NA
Detroit WWTP	25.Mar.16	Spring	Primary effluent	Microbead	R4	NA	NA
Detroit WWTP	25.Mar.16	Spring	Primary effluent	Other	R4	NA	NA
Detroit WWTP	25.Mar.16	Spring	Sec effluent activated sludge	Fiber	R4	NA	NA
Detroit WWTP	25.Mar.16	Spring	Sec effluent activated sludge	Fragment	R4	NA	NA
Detroit WWTP	25.Mar.16	Spring	Sec effluent activated sludge	Filament	R4	NA	NA
Detroit WWTP	25.Mar.16	Spring	Sec effluent activated sludge	Nurdle	R4	NA	NA
Detroit WWTP	25.Mar.16	Spring	Sec effluent activated sludge	Paint chip	R4	NA	NA
Detroit WWTP	25.Mar.16	Spring	Sec effluent activated sludge	Microbead	R4	NA	NA
Detroit WWTP	25.Mar.16	Spring	Sec effluent activated sludge	Other	R4	NA	NA
Detroit WWTP	25.Mar.16	Spring	Final effluent	Fiber	R4	NA	NA
Detroit WWTP	25.Mar.16	Spring	Final effluent	Fragment	R4	NA	NA
Detroit WWTP	25.Mar.16	Spring	Final effluent	Filament	R4	NA	NA
Detroit WWTP	25.Mar.16	Spring	Final effluent	Nurdle	R4	NA	NA
Detroit WWTP	25.Mar.16	Spring	Final effluent	Paint chip	R4	NA	NA
Detroit WWTP	25.Mar.16	Spring	Final effluent	Microbead	R4	NA	NA
Detroit WWTP	25.Mar.16	Spring	Final effluent	Other	R4	NA	NA
Detroit WWTP	25.Mar.16	Spring	Raw Wastewater	Fiber	R5	1	51
Detroit WWTP	25.Mar.16	Spring	Raw Wastewater	Fragment	R5	1	17
Detroit WWTP	25.Mar.16	Spring	Raw Wastewater	Filament	R5	1	12
Detroit WWTP	25.Mar.16	Spring	Raw Wastewater	Nurdle	R5	1	0
Detroit WWTP	25.Mar.16	Spring	Raw Wastewater	Paint chip	R5	1	1
Detroit WWTP	25.Mar.16	Spring	Raw Wastewater	Microbead	R5	1	16
Detroit WWTP	25.Mar.16	Spring	Raw Wastewater	Other	R5	1	3
Detroit WWTP	25.Mar.16	Spring	Prelim effluent	Fiber	R5	NA	NA
Detroit WWTP	25.Mar.16	Spring	Prelim effluent	Fragment	R5	NA	NA
Detroit WWTP	25.Mar.16	Spring	Prelim effluent	Filament	R5	NA	NA
Detroit WWTP	25.Mar.16	Spring	Prelim effluent	Nurdle	R5	NA	NA
Detroit WWTP	25.Mar.16	Spring	Prelim effluent	Paint chip	R5	NA	NA
Detroit WWTP	25.Mar.16	Spring	Prelim effluent	Microbead	R5	NA	NA
Detroit WWTP	25.Mar.16	Spring	Prelim effluent	Other	R5	NA	NA
Detroit WWTP	25.Mar.16	Spring	Primary effluent	Fiber	R5	NA	NA
Detroit WWTP	25.Mar.16	Spring	Primary effluent	Fragment	R5	NA	NA
Detroit WWTP	25.Mar.16	Spring	Primary effluent	Filament	R5	NA	NA
Detroit WWTP	25.Mar.16	Spring	Primary effluent	Nurdle	R5	NA	NA
Detroit WWTP	25.Mar.16	Spring	Primary effluent	Paint chip	R5	NA	NA
Detroit WWTP	25.Mar.16	Spring	Primary effluent	Microbead	R5	NA	NA
Detroit WWTP	25.Mar.16	Spring	Primary effluent	Other	R5	NA	NA
Detroit WWTP	25.Mar.16	Spring	Sec effluent activated sludge	Fiber	R5	NA	NA
Detroit WWTP	25.Mar.16	Spring	Sec effluent activated sludge	Fragment	R5	NA	NA
Detroit WWTP	25.Mar.16	Spring	Sec effluent activated sludge	Filament	R5	NA	NA
Detroit WWTP	25.Mar.16	Spring	Sec effluent activated sludge	Nurdle	R5	NA	NA
Detroit WWTP	25.Mar.16	Spring	Sec effluent activated sludge	Paint chip	R5	NA	NA
Detroit WWTP	25.Mar.16	Spring	Sec effluent activated sludge	Microbead	R5	NA	NA
Detroit WWTP	25.Mar.16	Spring	Sec effluent activated sludge	Other	R5	NA	NA
Detroit WWTP	25.Mar.16	Spring	Final effluent	Fiber	R5	NA	NA
Detroit WWTP	25.Mar.16	Spring	Final effluent	Fragment	R5	NA	NA
Detroit WWTP	25.Mar.16	Spring	Final effluent	Filament	R5	NA	NA
Detroit WWTP	25.Mar.16	Spring	Final effluent	Nurdle	R5	NA	NA
Detroit WWTP	25.Mar.16	Spring	Final effluent	Paint chip	R5	NA	NA
Detroit WWTP	25.Mar.16	Spring	Final effluent	Microbead	R5	NA	NA
Detroit WWTP	25.Mar.16	Spring	Final effluent	Other	R5	NA	NA
Detroit WWTP	25.Mar.16	Spring	Raw Wastewater	Fiber	R6	0.9	66
Detroit WWTP	25.Mar.16	Spring	Raw Wastewater	Fragment	R6	0.9	23
Detroit WWTP	25.Mar.16	Spring	Raw Wastewater	Filament	R6	0.9	6
Detroit WWTP	25.Mar.16	Spring	Raw Wastewater	Nurdle	R6	0.9	0
Detroit WWTP	25.Mar.16	Spring	Raw Wastewater	Paint chip	R6	0.9	0
Detroit WWTP	25.Mar.16	Spring	Raw Wastewater	Microbead	R6	0.9	7
Detroit WWTP	25.Mar.16	Spring	Raw Wastewater	Other	R6	0.9	4
Detroit WWTP	25.Mar.16	Spring	Prelim effluent	Fiber	R6	NA	NA
Detroit WWTP	25.Mar.16	Spring	Prelim effluent	Fragment	R6	NA	NA
Detroit WWTP	25.Mar.16	Spring	Prelim effluent	Filament	R6	NA	NA
Detroit WWTP	25.Mar.16	Spring	Prelim effluent	Nurdle	R6	NA	NA
Detroit WWTP	25.Mar.16	Spring	Prelim effluent	Paint chip	R6	NA	NA
Detroit WWTP	25.Mar.16	Spring	Prelim effluent	Microbead	R6	NA	NA
Detroit WWTP	25.Mar.16	Spring	Prelim effluent	Other	R6	NA	NA
Detroit WWTP	25.Mar.16	Spring	Primary effluent	Fiber	R6	NA	NA
Detroit WWTP	25.Mar.16	Spring	Primary effluent	Fragment	R6	NA	NA
Detroit WWTP	25.Mar.16	Spring	Primary effluent	Filament	R6	NA	NA
Detroit WWTP	25.Mar.16	Spring	Primary effluent	Nurdle	R6	NA	NA
Detroit WWTP	25.Mar.16	Spring	Primary effluent	Paint chip	R6	NA	NA
Detroit WWTP	25.Mar.16	Spring	Primary effluent	Microbead	R6	NA	NA
Detroit WWTP	25.Mar.16	Spring	Primary effluent	Other	R6	NA	NA
Detroit WWTP	25.Mar.16	Spring	Sec effluent activated sludge	Fiber	R6	NA	NA
Detroit WWTP	25.Mar.16	Spring	Sec effluent activated sludge	Fragment	R6	NA	NA
Detroit WWTP	25.Mar.16	Spring	Sec effluent activated sludge	Filament	R6	NA	NA
Detroit WWTP	25.Mar.16	Spring	Sec effluent activated sludge	Nurdle	R6	NA	NA
Detroit WWTP	25.Mar.16	Spring	Sec effluent activated sludge	Paint chip	R6	NA	NA
Detroit WWTP	25.Mar.16	Spring	Sec effluent activated sludge	Microbead	R6	NA	NA
Detroit WWTP	25.Mar.16	Spring	Sec effluent activated sludge	Other	R6	NA	NA
Detroit WWTP	25.Mar.16	Spring	Final effluent	Fiber	R6	NA	NA
Detroit WWTP	25.Mar.16	Spring	Final effluent	Fragment	R6	NA	NA
Detroit WWTP	25.Mar.16	Spring	Final effluent	Filament	R6	NA	NA
Detroit WWTP	25.Mar.16	Spring	Final effluent	Nurdle	R6	NA	NA
Detroit WWTP	25.Mar.16	Spring	Final effluent	Paint chip	R6	NA	NA
Detroit WWTP	25.Mar.16	Spring	Final effluent	Microbead	R6	NA	NA
Detroit WWTP	25.Mar.16	Spring	Final effluent	Other	R6	NA	NA
Anaerobic Membrane Bioreactor (AnMBR)	21.Mar.16	Spring	Raw Wastewater	Fiber	R1	1	39
Anaerobic Membrane Bioreactor (AnMBR)	21.Mar.16	Spring	Raw Wastewater	Fragment	R1	1	21
Anaerobic Membrane Bioreactor (AnMBR)	21.Mar.16	Spring	Raw Wastewater	Filament	R1	1	3
Anaerobic Membrane Bioreactor (AnMBR)	21.Mar.16	Spring	Raw Wastewater	Nurdle	R1	1	0
Anaerobic Membrane Bioreactor (AnMBR)	21.Mar.16	Spring	Raw Wastewater	Paint chip	R1	1	0
Anaerobic Membrane Bioreactor (AnMBR)	21.Mar.16	Spring	Raw Wastewater	Microbead	R1	1	10
Anaerobic Membrane Bioreactor (AnMBR)	21.Mar.16	Spring	Raw Wastewater	Other	R1	1	3
Anaerobic Membrane Bioreactor (AnMBR)	21.Mar.16	Spring	Prelim effluent	Fiber	R1	1	26
Anaerobic Membrane Bioreactor (AnMBR)	21.Mar.16	Spring	Prelim effluent	Fragment	R1	1	16
Anaerobic Membrane Bioreactor (AnMBR)	21.Mar.16	Spring	Prelim effluent	Filament	R1	1	1
Anaerobic Membrane Bioreactor (AnMBR)	21.Mar.16	Spring	Prelim effluent	Nurdle	R1	1	0
Anaerobic Membrane Bioreactor (AnMBR)	21.Mar.16	Spring	Prelim effluent	Paint chip	R1	1	0
Anaerobic Membrane Bioreactor (AnMBR)	21.Mar.16	Spring	Prelim effluent	Microbead	R1	1	16
Anaerobic Membrane Bioreactor (AnMBR)	21.Mar.16	Spring	Prelim effluent	Other	R1	1	0
Anaerobic Membrane Bioreactor (AnMBR)	21.Mar.16	Spring	Final effluent	Fiber	R1	34.07	15
Anaerobic Membrane Bioreactor (AnMBR)	21.Mar.16	Spring	Final effluent	Fragment	R1	34.07	2
Anaerobic Membrane Bioreactor (AnMBR)	21.Mar.16	Spring	Final effluent	Filament	R1	34.07	1
Anaerobic Membrane Bioreactor (AnMBR)	21.Mar.16	Spring	Final effluent	Nurdle	R1	34.07	0
Anaerobic Membrane Bioreactor (AnMBR)	21.Mar.16	Spring	Final effluent	Paint chip	R1	34.07	0
Anaerobic Membrane Bioreactor (AnMBR)	21.Mar.16	Spring	Final effluent	Microbead	R1	34.07	0
Anaerobic Membrane Bioreactor (AnMBR)	21.Mar.16	Spring	Final effluent	Other	R1	34.07	0
Anaerobic Membrane Bioreactor (AnMBR)	21.Mar.16	Spring	Raw Wastewater	Fiber	R2	1	47
Anaerobic Membrane Bioreactor (AnMBR)	21.Mar.16	Spring	Raw Wastewater	Fragment	R2	1	26
Anaerobic Membrane Bioreactor (AnMBR)	21.Mar.16	Spring	Raw Wastewater	Filament	R2	1	8
Anaerobic Membrane Bioreactor (AnMBR)	21.Mar.16	Spring	Raw Wastewater	Nurdle	R2	1	0
Anaerobic Membrane Bioreactor (AnMBR)	21.Mar.16	Spring	Raw Wastewater	Paint chip	R2	1	0
Anaerobic Membrane Bioreactor (AnMBR)	21.Mar.16	Spring	Raw Wastewater	Microbead	R2	1	15
Anaerobic Membrane Bioreactor (AnMBR)	21.Mar.16	Spring	Raw Wastewater	Other	R2	1	6
Anaerobic Membrane Bioreactor (AnMBR)	21.Mar.16	Spring	Prelim effluent	Fiber	R2	1	32
Anaerobic Membrane Bioreactor (AnMBR)	21.Mar.16	Spring	Prelim effluent	Fragment	R2	1	17
Anaerobic Membrane Bioreactor (AnMBR)	21.Mar.16	Spring	Prelim effluent	Filament	R2	1	3
Anaerobic Membrane Bioreactor (AnMBR)	21.Mar.16	Spring	Prelim effluent	Nurdle	R2	1	0
Anaerobic Membrane Bioreactor (AnMBR)	21.Mar.16	Spring	Prelim effluent	Paint chip	R2	1	2
Anaerobic Membrane Bioreactor (AnMBR)	21.Mar.16	Spring	Prelim effluent	Microbead	R2	1	17
Anaerobic Membrane Bioreactor (AnMBR)	21.Mar.16	Spring	Prelim effluent	Other	R2	1	3
Anaerobic Membrane Bioreactor (AnMBR)	21.Mar.16	Spring	Final effluent	Fiber	R2	NA	NA
Anaerobic Membrane Bioreactor (AnMBR)	21.Mar.16	Spring	Final effluent	Fragment	R2	NA	NA
Anaerobic Membrane Bioreactor (AnMBR)	21.Mar.16	Spring	Final effluent	Filament	R2	NA	NA
Anaerobic Membrane Bioreactor (AnMBR)	21.Mar.16	Spring	Final effluent	Nurdle	R2	NA	NA
Anaerobic Membrane Bioreactor (AnMBR)	21.Mar.16	Spring	Final effluent	Paint chip	R2	NA	NA
Anaerobic Membrane Bioreactor (AnMBR)	21.Mar.16	Spring	Final effluent	Microbead	R2	NA	NA
Anaerobic Membrane Bioreactor (AnMBR)	21.Mar.16	Spring	Final effluent	Other	R2	NA	NA
Anaerobic Membrane Bioreactor (AnMBR)	21.Mar.16	Spring	Raw Wastewater	Fiber	R3	1	45
Anaerobic Membrane Bioreactor (AnMBR)	21.Mar.16	Spring	Raw Wastewater	Fragment	R3	1	26
Anaerobic Membrane Bioreactor (AnMBR)	21.Mar.16	Spring	Raw Wastewater	Filament	R3	1	7
Anaerobic Membrane Bioreactor (AnMBR)	21.Mar.16	Spring	Raw Wastewater	Nurdle	R3	1	0
Anaerobic Membrane Bioreactor (AnMBR)	21.Mar.16	Spring	Raw Wastewater	Paint chip	R3	1	1
Anaerobic Membrane Bioreactor (AnMBR)	21.Mar.16	Spring	Raw Wastewater	Microbead	R3	1	18
Anaerobic Membrane Bioreactor (AnMBR)	21.Mar.16	Spring	Raw Wastewater	Other	R3	1	2
Anaerobic Membrane Bioreactor (AnMBR)	21.Mar.16	Spring	Prelim effluent	Fiber	R3	1	25
Anaerobic Membrane Bioreactor (AnMBR)	21.Mar.16	Spring	Prelim effluent	Fragment	R3	1	8
Anaerobic Membrane Bioreactor (AnMBR)	21.Mar.16	Spring	Prelim effluent	Filament	R3	1	1
Anaerobic Membrane Bioreactor (AnMBR)	21.Mar.16	Spring	Prelim effluent	Nurdle	R3	1	0
Anaerobic Membrane Bioreactor (AnMBR)	21.Mar.16	Spring	Prelim effluent	Paint chip	R3	1	1
Anaerobic Membrane Bioreactor (AnMBR)	21.Mar.16	Spring	Prelim effluent	Microbead	R3	1	5
Anaerobic Membrane Bioreactor (AnMBR)	21.Mar.16	Spring	Prelim effluent	Other	R3	1	1
Anaerobic Membrane Bioreactor (AnMBR)	21.Mar.16	Spring	Final effluent	Fiber	R3	NA	NA
Anaerobic Membrane Bioreactor (AnMBR)	21.Mar.16	Spring	Final effluent	Fragment	R3	NA	NA
Anaerobic Membrane Bioreactor (AnMBR)	21.Mar.16	Spring	Final effluent	Filament	R3	NA	NA
Anaerobic Membrane Bioreactor (AnMBR)	21.Mar.16	Spring	Final effluent	Nurdle	R3	NA	NA
Anaerobic Membrane Bioreactor (AnMBR)	21.Mar.16	Spring	Final effluent	Paint chip	R3	NA	NA
Anaerobic Membrane Bioreactor (AnMBR)	21.Mar.16	Spring	Final effluent	Microbead	R3	NA	NA
Anaerobic Membrane Bioreactor (AnMBR)	21.Mar.16	Spring	Final effluent	Other	R3	NA	NA
Anaerobic Membrane Bioreactor (AnMBR)	21.Mar.16	Spring	Raw Wastewater	Fiber	R4	1	47
Anaerobic Membrane Bioreactor (AnMBR)	21.Mar.16	Spring	Raw Wastewater	Fragment	R4	1	22
Anaerobic Membrane Bioreactor (AnMBR)	21.Mar.16	Spring	Raw Wastewater	Filament	R4	1	4
Anaerobic Membrane Bioreactor (AnMBR)	21.Mar.16	Spring	Raw Wastewater	Nurdle	R4	1	0
Anaerobic Membrane Bioreactor (AnMBR)	21.Mar.16	Spring	Raw Wastewater	Paint chip	R4	1	0
Anaerobic Membrane Bioreactor (AnMBR)	21.Mar.16	Spring	Raw Wastewater	Microbead	R4	1	15
Anaerobic Membrane Bioreactor (AnMBR)	21.Mar.16	Spring	Raw Wastewater	Other	R4	1	2
Anaerobic Membrane Bioreactor (AnMBR)	21.Mar.16	Spring	Prelim effluent	Fiber	R4	1	25
Anaerobic Membrane Bioreactor (AnMBR)	21.Mar.16	Spring	Prelim effluent	Fragment	R4	1	18
Anaerobic Membrane Bioreactor (AnMBR)	21.Mar.16	Spring	Prelim effluent	Filament	R4	1	1
Anaerobic Membrane Bioreactor (AnMBR)	21.Mar.16	Spring	Prelim effluent	Nurdle	R4	1	0
Anaerobic Membrane Bioreactor (AnMBR)	21.Mar.16	Spring	Prelim effluent	Paint chip	R4	1	0
Anaerobic Membrane Bioreactor (AnMBR)	21.Mar.16	Spring	Prelim effluent	Microbead	R4	1	19
Anaerobic Membrane Bioreactor (AnMBR)	21.Mar.16	Spring	Prelim effluent	Other	R4	1	1
Anaerobic Membrane Bioreactor (AnMBR)	21.Mar.16	Spring	Final effluent	Fiber	R4	NA	NA
Anaerobic Membrane Bioreactor (AnMBR)	21.Mar.16	Spring	Final effluent	Fragment	R4	NA	NA
Anaerobic Membrane Bioreactor (AnMBR)	21.Mar.16	Spring	Final effluent	Filament	R4	NA	NA
Anaerobic Membrane Bioreactor (AnMBR)	21.Mar.16	Spring	Final effluent	Nurdle	R4	NA	NA
Anaerobic Membrane Bioreactor (AnMBR)	21.Mar.16	Spring	Final effluent	Paint chip	R4	NA	NA
Anaerobic Membrane Bioreactor (AnMBR)	21.Mar.16	Spring	Final effluent	Microbead	R4	NA	NA
Anaerobic Membrane Bioreactor (AnMBR)	21.Mar.16	Spring	Final effluent	Other	R4	NA	NA