plant	Date	class	sample	vol	size	count
Northfield WWTP	19.Oct.15	Fiber	Prelim effluent	2	4.75	0
Northfield WWTP	19.Oct.15	Fragment	Prelim effluent	2	4.75	0
Northfield WWTP	19.Oct.15	Filament	Prelim effluent	2	4.75	0
Northfield WWTP	19.Oct.15	Nurdle	Prelim effluent	2	4.75	0
Northfield WWTP	19.Oct.15	Paint chip	Prelim effluent	2	4.75	0
Northfield WWTP	19.Oct.15	Microbead	Prelim effluent	2	4.75	0
Northfield WWTP	19.Oct.15	Other	Prelim effluent	2	4.75	0
Northfield WWTP	19.Oct.15	Fiber	Prelim effluent	2	0.85	5
Northfield WWTP	19.Oct.15	Fragment	Prelim effluent	2	0.85	3
Northfield WWTP	19.Oct.15	Filament	Prelim effluent	2	0.85	3
Northfield WWTP	19.Oct.15	Nurdle	Prelim effluent	2	0.85	0
Northfield WWTP	19.Oct.15	Paint chip	Prelim effluent	2	0.85	0
Northfield WWTP	19.Oct.15	Microbead	Prelim effluent	2	0.85	0
Northfield WWTP	19.Oct.15	Other	Prelim effluent	2	0.85	2
Northfield WWTP	19.Oct.15	Fiber	Prelim effluent	2	0.3	17
Northfield WWTP	19.Oct.15	Fragment	Prelim effluent	2	0.3	13
Northfield WWTP	19.Oct.15	Filament	Prelim effluent	2	0.3	0
Northfield WWTP	19.Oct.15	Nurdle	Prelim effluent	2	0.3	0
Northfield WWTP	19.Oct.15	Paint chip	Prelim effluent	2	0.3	1
Northfield WWTP	19.Oct.15	Microbead	Prelim effluent	2	0.3	6
Northfield WWTP	19.Oct.15	Other	Prelim effluent	2	0.3	3
Northfield WWTP	19.Oct.15	Fiber	Prelim effluent	2	0.106	5
Northfield WWTP	19.Oct.15	Fragment	Prelim effluent	2	0.106	0
Northfield WWTP	19.Oct.15	Filament	Prelim effluent	2	0.106	0
Northfield WWTP	19.Oct.15	Nurdle	Prelim effluent	2	0.106	0
Northfield WWTP	19.Oct.15	Paint chip	Prelim effluent	2	0.106	0
Northfield WWTP	19.Oct.15	Microbead	Prelim effluent	2	0.106	0
Northfield WWTP	19.Oct.15	Other	Prelim effluent	2	0.106	0
Northfield WWTP	19.Oct.15	Fiber	Prelim effluent	2	0.02	5
Northfield WWTP	19.Oct.15	Fragment	Prelim effluent	2	0.02	0
Northfield WWTP	19.Oct.15	Filament	Prelim effluent	2	0.02	0
Northfield WWTP	19.Oct.15	Nurdle	Prelim effluent	2	0.02	0
Northfield WWTP	19.Oct.15	Paint chip	Prelim effluent	2	0.02	0
Northfield WWTP	19.Oct.15	Microbead	Prelim effluent	2	0.02	0
Northfield WWTP	19.Oct.15	Other	Prelim effluent	2	0.02	0
Northfield WWTP	19.Oct.15	Fiber	Primary effluent	10	4.75	7
Northfield WWTP	19.Oct.15	Fragment	Primary effluent	10	4.75	2
Northfield WWTP	19.Oct.15	Filament	Primary effluent	10	4.75	1
Northfield WWTP	19.Oct.15	Nurdle	Primary effluent	10	4.75	0
Northfield WWTP	19.Oct.15	Paint chip	Primary effluent	10	4.75	1
Northfield WWTP	19.Oct.15	Microbead	Primary effluent	10	4.75	0
Northfield WWTP	19.Oct.15	Other	Primary effluent	10	4.75	0
Northfield WWTP	19.Oct.15	Fiber	Primary effluent	10	0.85	13
Northfield WWTP	19.Oct.15	Fragment	Primary effluent	10	0.85	1
Northfield WWTP	19.Oct.15	Filament	Primary effluent	10	0.85	3
Northfield WWTP	19.Oct.15	Nurdle	Primary effluent	10	0.85	0
Northfield WWTP	19.Oct.15	Paint chip	Primary effluent	10	0.85	5
Northfield WWTP	19.Oct.15	Microbead	Primary effluent	10	0.85	0
Northfield WWTP	19.Oct.15	Other	Primary effluent	10	0.85	0
Northfield WWTP	19.Oct.15	Fiber	Primary effluent	10	0.3	26
Northfield WWTP	19.Oct.15	Fragment	Primary effluent	10	0.3	19
Northfield WWTP	19.Oct.15	Filament	Primary effluent	10	0.3	9
Northfield WWTP	19.Oct.15	Nurdle	Primary effluent	10	0.3	0
Northfield WWTP	19.Oct.15	Paint chip	Primary effluent	10	0.3	3
Northfield WWTP	19.Oct.15	Microbead	Primary effluent	10	0.3	19
Northfield WWTP	19.Oct.15	Other	Primary effluent	10	0.3	0
Northfield WWTP	19.Oct.15	Fiber	Primary effluent	10	0.106	20
Northfield WWTP	19.Oct.15	Fragment	Primary effluent	10	0.106	2
Northfield WWTP	19.Oct.15	Filament	Primary effluent	10	0.106	0
Northfield WWTP	19.Oct.15	Nurdle	Primary effluent	10	0.106	0
Northfield WWTP	19.Oct.15	Paint chip	Primary effluent	10	0.106	0
Northfield WWTP	19.Oct.15	Microbead	Primary effluent	10	0.106	2
Northfield WWTP	19.Oct.15	Other	Primary effluent	10	0.106	0
Northfield WWTP	19.Oct.15	Fiber	Primary effluent	10	0.02	24
Northfield WWTP	19.Oct.15	Fragment	Primary effluent	10	0.02	5
Northfield WWTP	19.Oct.15	Filament	Primary effluent	10	0.02	1
Northfield WWTP	19.Oct.15	Nurdle	Primary effluent	10	0.02	0
Northfield WWTP	19.Oct.15	Paint chip	Primary effluent	10	0.02	0
Northfield WWTP	19.Oct.15	Microbead	Primary effluent	10	0.02	1
Northfield WWTP	19.Oct.15	Other	Primary effluent	10	0.02	0
Northfield WWTP	19.Oct.15	Fiber	Sec effluent trickling filter	10	4.75	4
Northfield WWTP	19.Oct.15	Fragment	Sec effluent trickling filter	10	4.75	0
Northfield WWTP	19.Oct.15	Filament	Sec effluent trickling filter	10	4.75	1
Northfield WWTP	19.Oct.15	Nurdle	Sec effluent trickling filter	10	4.75	0
Northfield WWTP	19.Oct.15	Paint chip	Sec effluent trickling filter	10	4.75	0
Northfield WWTP	19.Oct.15	Microbead	Sec effluent trickling filter	10	4.75	0
Northfield WWTP	19.Oct.15	Other	Sec effluent trickling filter	10	4.75	0
Northfield WWTP	19.Oct.15	Fiber	Sec effluent trickling filter	10	0.85	12
Northfield WWTP	19.Oct.15	Fragment	Sec effluent trickling filter	10	0.85	2
Northfield WWTP	19.Oct.15	Filament	Sec effluent trickling filter	10	0.85	1
Northfield WWTP	19.Oct.15	Nurdle	Sec effluent trickling filter	10	0.85	0
Northfield WWTP	19.Oct.15	Paint chip	Sec effluent trickling filter	10	0.85	0
Northfield WWTP	19.Oct.15	Microbead	Sec effluent trickling filter	10	0.85	0
Northfield WWTP	19.Oct.15	Other	Sec effluent trickling filter	10	0.85	0
Northfield WWTP	19.Oct.15	Fiber	Sec effluent trickling filter	10	0.3	22
Northfield WWTP	19.Oct.15	Fragment	Sec effluent trickling filter	10	0.3	12
Northfield WWTP	19.Oct.15	Filament	Sec effluent trickling filter	10	0.3	4
Northfield WWTP	19.Oct.15	Nurdle	Sec effluent trickling filter	10	0.3	0
Northfield WWTP	19.Oct.15	Paint chip	Sec effluent trickling filter	10	0.3	0
Northfield WWTP	19.Oct.15	Microbead	Sec effluent trickling filter	10	0.3	0
Northfield WWTP	19.Oct.15	Other	Sec effluent trickling filter	10	0.3	0
Northfield WWTP	19.Oct.15	Fiber	Sec effluent trickling filter	10	0.106	10
Northfield WWTP	19.Oct.15	Fragment	Sec effluent trickling filter	10	0.106	1
Northfield WWTP	19.Oct.15	Filament	Sec effluent trickling filter	10	0.106	0
Northfield WWTP	19.Oct.15	Nurdle	Sec effluent trickling filter	10	0.106	0
Northfield WWTP	19.Oct.15	Paint chip	Sec effluent trickling filter	10	0.106	0
Northfield WWTP	19.Oct.15	Microbead	Sec effluent trickling filter	10	0.106	0
Northfield WWTP	19.Oct.15	Other	Sec effluent trickling filter	10	0.106	0
Northfield WWTP	19.Oct.15	Fiber	Sec effluent trickling filter	10	0.02	4
Northfield WWTP	19.Oct.15	Fragment	Sec effluent trickling filter	10	0.02	0
Northfield WWTP	19.Oct.15	Filament	Sec effluent trickling filter	10	0.02	2
Northfield WWTP	19.Oct.15	Nurdle	Sec effluent trickling filter	10	0.02	0
Northfield WWTP	19.Oct.15	Paint chip	Sec effluent trickling filter	10	0.02	0
Northfield WWTP	19.Oct.15	Microbead	Sec effluent trickling filter	10	0.02	0
Northfield WWTP	19.Oct.15	Other	Sec effluent trickling filter	10	0.02	0
Northfield WWTP	19.Oct.15	Fiber	Sec effluent activated sludge	10	4.75	0
Northfield WWTP	19.Oct.15	Fragment	Sec effluent activated sludge	10	4.75	0
Northfield WWTP	19.Oct.15	Filament	Sec effluent activated sludge	10	4.75	0
Northfield WWTP	19.Oct.15	Nurdle	Sec effluent activated sludge	10	4.75	0
Northfield WWTP	19.Oct.15	Paint chip	Sec effluent activated sludge	10	4.75	0
Northfield WWTP	19.Oct.15	Microbead	Sec effluent activated sludge	10	4.75	0
Northfield WWTP	19.Oct.15	Other	Sec effluent activated sludge	10	4.75	0
Northfield WWTP	19.Oct.15	Fiber	Sec effluent activated sludge	10	0.85	5
Northfield WWTP	19.Oct.15	Fragment	Sec effluent activated sludge	10	0.85	1
Northfield WWTP	19.Oct.15	Filament	Sec effluent activated sludge	10	0.85	0
Northfield WWTP	19.Oct.15	Nurdle	Sec effluent activated sludge	10	0.85	0
Northfield WWTP	19.Oct.15	Paint chip	Sec effluent activated sludge	10	0.85	0
Northfield WWTP	19.Oct.15	Microbead	Sec effluent activated sludge	10	0.85	0
Northfield WWTP	19.Oct.15	Other	Sec effluent activated sludge	10	0.85	0
Northfield WWTP	19.Oct.15	Fiber	Sec effluent activated sludge	10	0.3	37
Northfield WWTP	19.Oct.15	Fragment	Sec effluent activated sludge	10	0.3	12
Northfield WWTP	19.Oct.15	Filament	Sec effluent activated sludge	10	0.3	0
Northfield WWTP	19.Oct.15	Nurdle	Sec effluent activated sludge	10	0.3	0
Northfield WWTP	19.Oct.15	Paint chip	Sec effluent activated sludge	10	0.3	0
Northfield WWTP	19.Oct.15	Microbead	Sec effluent activated sludge	10	0.3	0
Northfield WWTP	19.Oct.15	Other	Sec effluent activated sludge	10	0.3	0
Northfield WWTP	19.Oct.15	Fiber	Sec effluent activated sludge	10	0.106	11
Northfield WWTP	19.Oct.15	Fragment	Sec effluent activated sludge	10	0.106	2
Northfield WWTP	19.Oct.15	Filament	Sec effluent activated sludge	10	0.106	2
Northfield WWTP	19.Oct.15	Nurdle	Sec effluent activated sludge	10	0.106	0
Northfield WWTP	19.Oct.15	Paint chip	Sec effluent activated sludge	10	0.106	0
Northfield WWTP	19.Oct.15	Microbead	Sec effluent activated sludge	10	0.106	0
Northfield WWTP	19.Oct.15	Other	Sec effluent activated sludge	10	0.106	0
Northfield WWTP	19.Oct.15	Fiber	Sec effluent activated sludge	10	0.02	13
Northfield WWTP	19.Oct.15	Fragment	Sec effluent activated sludge	10	0.02	0
Northfield WWTP	19.Oct.15	Filament	Sec effluent activated sludge	10	0.02	0
Northfield WWTP	19.Oct.15	Nurdle	Sec effluent activated sludge	10	0.02	0
Northfield WWTP	19.Oct.15	Paint chip	Sec effluent activated sludge	10	0.02	0
Northfield WWTP	19.Oct.15	Microbead	Sec effluent activated sludge	10	0.02	0
Northfield WWTP	19.Oct.15	Other	Sec effluent activated sludge	10	0.02	0
Northfield WWTP	19.Oct.15	Fiber	Final effluent	34.1	4.75	2
Northfield WWTP	19.Oct.15	Fragment	Final effluent	34.1	4.75	0
Northfield WWTP	19.Oct.15	Filament	Final effluent	34.1	4.75	0
Northfield WWTP	19.Oct.15	Nurdle	Final effluent	34.1	4.75	0
Northfield WWTP	19.Oct.15	Paint chip	Final effluent	34.1	4.75	0
Northfield WWTP	19.Oct.15	Microbead	Final effluent	34.1	4.75	0
Northfield WWTP	19.Oct.15	Other	Final effluent	34.1	4.75	0
Northfield WWTP	19.Oct.15	Fiber	Final effluent	34.1	0.85	28
Northfield WWTP	19.Oct.15	Fragment	Final effluent	34.1	0.85	0
Northfield WWTP	19.Oct.15	Filament	Final effluent	34.1	0.85	0
Northfield WWTP	19.Oct.15	Nurdle	Final effluent	34.1	0.85	0
Northfield WWTP	19.Oct.15	Paint chip	Final effluent	34.1	0.85	0
Northfield WWTP	19.Oct.15	Microbead	Final effluent	34.1	0.85	0
Northfield WWTP	19.Oct.15	Other	Final effluent	34.1	0.85	0
Northfield WWTP	19.Oct.15	Fiber	Final effluent	34.1	0.3	23
Northfield WWTP	19.Oct.15	Fragment	Final effluent	34.1	0.3	0
Northfield WWTP	19.Oct.15	Filament	Final effluent	34.1	0.3	3
Northfield WWTP	19.Oct.15	Nurdle	Final effluent	34.1	0.3	0
Northfield WWTP	19.Oct.15	Paint chip	Final effluent	34.1	0.3	0
Northfield WWTP	19.Oct.15	Microbead	Final effluent	34.1	0.3	0
Northfield WWTP	19.Oct.15	Other	Final effluent	34.1	0.3	0
Northfield WWTP	19.Oct.15	Fiber	Final effluent	34.1	0.106	12
Northfield WWTP	19.Oct.15	Fragment	Final effluent	34.1	0.106	0
Northfield WWTP	19.Oct.15	Filament	Final effluent	34.1	0.106	0
Northfield WWTP	19.Oct.15	Nurdle	Final effluent	34.1	0.106	0
Northfield WWTP	19.Oct.15	Paint chip	Final effluent	34.1	0.106	0
Northfield WWTP	19.Oct.15	Microbead	Final effluent	34.1	0.106	0
Northfield WWTP	19.Oct.15	Other	Final effluent	34.1	0.106	0
Northfield WWTP	19.Oct.15	Fiber	Final effluent	34.1	0.02	7
Northfield WWTP	19.Oct.15	Fragment	Final effluent	34.1	0.02	0
Northfield WWTP	19.Oct.15	Filament	Final effluent	34.1	0.02	0
Northfield WWTP	19.Oct.15	Nurdle	Final effluent	34.1	0.02	0
Northfield WWTP	19.Oct.15	Paint chip	Final effluent	34.1	0.02	0
Northfield WWTP	19.Oct.15	Microbead	Final effluent	34.1	0.02	0
Northfield WWTP	19.Oct.15	Other	Final effluent	34.1	0.02	0